ResponseID,UserID,TopicID,ResponseTimestamp,ResponseData
R001,SCE45,T002,2023-01-01 09:15:00,"Thank you for the information on marketing strategies!"
R002,SCE48,T007,2023-01-02 14:30:00,"Could you provide more insights on market research techniques?"
R003,SCE37,T011,2023-01-03 16:45:00,"I need help with my investor pitch. Can you review my presentation?"
R004,SCE47,T004,2023-01-04 10:20:00,"What are the key components to include in a business plan?"
R005,SCE53,T018,2023-01-05 12:55:00,"Can you share some industry trends in the tech sector?"
R006,SCE35,T009,2023-01-06 08:10:00,"I'm looking for resources to support my startup. Any recommendations?"
R007,SCE36,T022,2023-01-07 13:25:00,"How should I manage my startup's finances and budget effectively?"
R008,SCE43,T025,2023-01-08 15:40:00,"Which marketing channels are most effective for startup growth?"
R009,SCE51,T012,2023-01-09 09:55:00,"Any tips on improving my investor pitch presentation skills?"
R010,SCE45,T001,2023-01-10 11:30:00,"Can you provide information on different startup funding options?"
R011,SCE48,T003,2023-01-11 14:45:00,"What are the best practices for product development in startups?"
R012,SCE37,T008,2023-01-12 17:00:00,"How can I effectively scale and grow my startup business?"
R013,SCE47,T015,2023-01-13 10:35:00,"Are there any lessons learned from startup failures that I can benefit from?"
R014,SCE53,T013,2023-01-14 12:00:00,"I need guidance on customer acquisition strategies for my startup."
R015,SCE35,T019,2023-01-15 08:25:00,"Tell me more about the startup ecosystem and community support."
R016,SCE36,T027,2023-01-16 13:40:00,"What should I consider when expanding my startup into international markets?"
R017,SCE43,T006,2023-01-17 15:55:00,"Any tips for building and hiring a strong startup team?"
R018,SCE51,T024,2023-01-18 10:10:00,"What are the common scenarios in startup exits and acquisitions?"
R019,SCE45,T026,2023-01-19 12:35:00,"How can I improve customer retention strategies for my startup?"
R020,SCE48,T014,2023-01-20 14:00:00,"What are the different revenue models for startups?"
R021,SCE37,T028,2023-01-21 16:15:00,"I'm looking for mentoring and coaching for my startup. Any recommendations?"
R022,SCE47,T020,2023-01-22 09:40:00,"How can I effectively lead and manage my startup team?"
R023,SCE53,T023,2023-01-23 12:05:00,"Tell me more about startup accelerators and incubators."
R024,SCE35,T010,2023-01-24 08:30:00,"Are there any upcoming networking events or conferences for startups?"
R025,SCE36,T021,2023-01-25 13:45:00,"What should I consider in investor relations for my startup?"
R026,SCE43,T017,2023-01-26 16:00:00,"Can you share some success stories of startups in our industry?"
R027,SCE51,T005,2023-01-27 10:25:00,"What are the legal compliance requirements for startups?"
R028,SCE45,T016,2023-01-28 12:50:00,"Any tips for effective social media strategies for startups?"
R029,SCE48,T030,2023-01-29 15:15:00,"Can you provide guidance on creating a compelling startup pitch deck?"
R030,SCE37,T029,2023-01-30 09:40:00,"What are the different legal structures available for startups?"
