TopicID,TopicDescription,Metadata
T001,Startup Funding Options,"funding, investment, venture capital"
T002,Marketing Strategies,"marketing, digital marketing, branding"
T003,Product Development,"product, development, prototype"
T004,Business Planning,"business plan, strategy, market analysis"
T005,Legal Compliance,"legal, regulations, intellectual property"
T006,Team Building,"team, hiring, recruitment"
T007,Market Research,"market research, customer analysis"
T008,Scaling and Growth,"scaling, growth, expansion"
T009,Startup Resources,"resources, tools, support"
T010,Networking and Events,"networking, events, conferences"
T011,Pitching and Presenting,"pitching, presentation skills, investor pitch"
T012,Technology and Innovation,"technology, innovation, disruptive"
T013,Customer Acquisition,"customer acquisition, user acquisition"
T014,Revenue Models,"revenue, monetization, business models"
T015,Startup Failure and Lessons,"failure, lessons learned, post-mortem"
T016,Social Media Strategies,"social media, social media marketing"
T017,Startup Success Stories,"success stories, case studies, role models"
T018,Industry Trends,"trends, industry insights, market trends"
T019,Startup Ecosystem,"ecosystem, startup community, support"
T020,Leadership and Management,"leadership, management, team culture"
T021,Investor Relations,"investor relations, investor updates"
T022,Financial Management,"financial management, budgeting, cash flow"
T023,Startup Accelerators,"accelerators, incubators, startup programs"
T024,Startup Exits and Acquisitions,"exits, acquisitions, mergers"
T025,Startup Marketing Channels,"marketing channels, growth hacking"
T026,Customer Retention Strategies,"customer retention, loyalty programs"
T027,International Expansion,"international expansion, global markets"
T028,Startup Mentoring and Coaching,"mentoring, coaching, guidance"
T029,Startup Legal Structures,"legal structures, entity formation"
T030,Startup Pitch Deck,"pitch deck, investor presentation"
